id,item_name,category,description,aisle_location
1,Organic Bananas,Produce,Fresh yellow bananas perfect for snacking,A1
2,Red Delicious Apples,Produce,Crisp and sweet apples great for lunch boxes,A1
3,Granny Smith Apples,Produce,Tart green apples ideal for baking,A1
4,Fresh Strawberries,Produce,Juicy red strawberries in 16oz container,A1
5,Blueberries,Produce,Fresh blueberries rich in antioxidants,A1
6,Seedless Red Grapes,Produce,Sweet red grapes ready to eat,A2
7,Green Seedless Grapes,Produce,Crisp green grapes perfect for snacking,A2
8,Navel Oranges,Produce,Easy to peel oranges packed with vitamin C,A2
9,Valencia Oranges,Produce,Juicy oranges great for fresh juice,A2
10,Fresh Lemons,Produce,Bright yellow lemons for cooking and drinks,A2
11,Fresh Limes,Produce,Zesty limes perfect for cocktails and cooking,A3
12,Ripe Avocados,Produce,Creamy avocados ready to eat,A3
13,Cherry Tomatoes,Produce,Sweet bite-sized tomatoes on the vine,A3
14,Beefsteak Tomatoes,Produce,Large juicy tomatoes for slicing,A3
15,Roma Tomatoes,Produce,Firm tomatoes ideal for sauces,A3
16,English Cucumbers,Produce,Long seedless cucumbers wrapped in plastic,A4
17,Mini Cucumbers,Produce,Crunchy mini cucumbers perfect for snacking,A4
18,Bell Peppers Red,Produce,Sweet red peppers rich in vitamin C,A4
19,Bell Peppers Green,Produce,Crisp green peppers for cooking,A4
20,Bell Peppers Yellow,Produce,Mild sweet yellow peppers,A4
21,Fresh Broccoli,Produce,Green broccoli crowns packed with nutrients,A5
22,Cauliflower Head,Produce,White cauliflower head for roasting,A5
23,Baby Carrots,Produce,Pre-washed baby carrots ready to snack,A5
24,Organic Carrots Bunch,Produce,Fresh carrots with greens attached,A5
25,Celery Stalks,Produce,Crisp celery perfect for dips,A5
26,Fresh Spinach,Produce,Baby spinach leaves in 10oz container,A6
27,Romaine Lettuce,Produce,Crisp romaine hearts pack of 3,A6
28,Iceberg Lettuce,Produce,Classic iceberg lettuce head,A6
29,Mixed Spring Greens,Produce,Tender salad greens mix,A6
30,Fresh Kale,Produce,Nutrient-rich curly kale bunch,A6
31,Red Onions,Produce,Sweet red onions for salads,A7
32,Yellow Onions,Produce,All-purpose cooking onions,A7
33,White Onions,Produce,Mild white onions for Mexican dishes,A7
34,Green Onions,Produce,Fresh scallions for garnishing,A7
35,Fresh Garlic Bulbs,Produce,Aromatic garlic bulbs for cooking,A7
36,Fresh Ginger Root,Produce,Spicy ginger root for Asian cooking,A8
37,Russet Potatoes 5lb,Produce,Starchy potatoes perfect for baking,A8
38,Red Potatoes,Produce,Waxy red potatoes for boiling,A8
39,Sweet Potatoes,Produce,Orange sweet potatoes for roasting,A8
40,Baby Potatoes,Produce,Small creamer potatoes with skin,A8
41,Fresh Mushrooms,Produce,White button mushrooms 8oz container,A9
42,Portobello Mushrooms,Produce,Large portobello caps for grilling,A9
43,Fresh Cilantro,Produce,Fresh cilantro bunch for Mexican cuisine,A9
44,Fresh Parsley,Produce,Flat leaf parsley bunch,A9
45,Fresh Basil,Produce,Sweet basil for Italian dishes,A9
46,Watermelon Whole,Produce,Large seedless watermelon,A10
47,Cantaloupe,Produce,Sweet orange melon ready to eat,A10
48,Honeydew Melon,Produce,Green honeydew melon,A10
49,Fresh Pineapple,Produce,Tropical pineapple whole fruit,A10
50,Fresh Mango,Produce,Sweet ripe mango ready to eat,A10
51,Whole Milk Gallon,Dairy,Fresh whole milk vitamin D fortified,B1
52,2% Reduced Fat Milk,Dairy,Lower fat milk gallon,B1
53,Skim Milk Gallon,Dairy,Fat-free milk for health conscious,B1
54,Organic Whole Milk,Dairy,Certified organic whole milk,B1
55,Chocolate Milk Half Gallon,Dairy,Sweet chocolate flavored milk,B1
56,Heavy Whipping Cream,Dairy,Rich cream for cooking and baking,B2
57,Half and Half Pint,Dairy,Coffee creamer blend,B2
58,Sour Cream 16oz,Dairy,Cultured sour cream for topping,B2
59,Plain Greek Yogurt,Dairy,Thick creamy Greek yogurt 32oz,B2
60,Vanilla Greek Yogurt,Dairy,Sweetened vanilla Greek yogurt,B2
61,Strawberry Yogurt Cups,Dairy,Individual strawberry yogurt 6-pack,B3
62,Blueberry Yogurt Cups,Dairy,Individual blueberry yogurt 6-pack,B3
63,Mixed Berry Yogurt,Dairy,Large container mixed berry yogurt,B3
64,Peach Yogurt,Dairy,Creamy peach flavored yogurt,B3
65,Low Fat Vanilla Yogurt,Dairy,Light vanilla yogurt large container,B3
66,Unsalted Butter 1lb,Dairy,Sweet cream butter sticks,B4
67,Salted Butter 1lb,Dairy,Salted butter for spreading,B4
68,Margarine Spread,Dairy,Vegetable oil spread,B4
69,Cream Cheese 8oz,Dairy,Philadelphia style cream cheese,B4
70,Whipped Cream Cheese,Dairy,Light and fluffy cream cheese,B4
71,Sharp Cheddar Block,Dairy,Aged sharp cheddar cheese 8oz,B5
72,Mild Cheddar Block,Dairy,Mild cheddar cheese block,B5
73,Mozzarella Cheese Block,Dairy,Low moisture mozzarella,B5
74,Pepper Jack Cheese,Dairy,Spicy pepper jack slices,B5
75,Swiss Cheese Slices,Dairy,Classic Swiss cheese slices,B5
76,Provolone Cheese,Dairy,Mild provolone slices,B6
77,American Cheese Slices,Dairy,Classic American cheese singles,B6
78,Colby Jack Cheese,Dairy,Marbled Colby and Jack cheese,B6
79,Feta Cheese Crumbles,Dairy,Mediterranean feta cheese,B6
80,Parmesan Grated,Dairy,Grated parmesan cheese container,B6
81,Shredded Mozzarella,Dairy,Pre-shredded mozzarella 8oz bag,B7
82,Shredded Cheddar,Dairy,Pre-shredded cheddar cheese,B7
83,Mexican Blend Cheese,Dairy,Shredded Mexican cheese blend,B7
84,Italian Blend Cheese,Dairy,Shredded Italian cheese mix,B7
85,String Cheese Sticks,Dairy,Individual mozzarella string cheese 12ct,B7
86,Large Eggs Dozen,Dairy,Grade A large eggs,B8
87,Extra Large Eggs,Dairy,Grade A extra large eggs,B8
88,Organic Eggs Dozen,Dairy,Certified organic free range eggs,B8
89,Egg Whites Carton,Dairy,Liquid egg whites for cooking,B8
90,Hard Boiled Eggs,Dairy,Pre-cooked peeled hard boiled eggs 6ct,B8
91,Orange Juice 64oz,Dairy,Fresh squeezed orange juice,B9
92,Apple Juice 64oz,Dairy,100% apple juice no sugar added,B9
93,Cranberry Juice,Dairy,100% cranberry juice cocktail,B9
94,Lemonade Half Gallon,Dairy,Fresh lemonade refrigerated,B9
95,Fruit Punch Juice,Dairy,Mixed fruit punch drink,B9
96,Refrigerated Pizza Dough,Dairy,Fresh pizza dough ready to bake,B10
97,Refrigerated Biscuits,Dairy,Flaky buttermilk biscuits tube,B10
98,Crescent Rolls,Dairy,Refrigerated crescent roll dough,B10
99,Cinnamon Rolls,Dairy,Sweet cinnamon rolls with icing,B10
100,Cookie Dough Tube,Dairy,Chocolate chip cookie dough ready to bake,B10
101,Frozen French Fries,Frozen,Crispy golden French fries 2lb bag,C1
102,Frozen Tater Tots,Frozen,Crispy potato tots family size,C1
103,Frozen Hash Browns,Frozen,Shredded hash browns,C1
104,Frozen Waffle Fries,Frozen,Seasoned waffle cut fries,C1
105,Frozen Sweet Potato Fries,Frozen,Healthier sweet potato fries,C1
106,Frozen Chicken Nuggets,Frozen,Breaded chicken nuggets 2lb,C2
107,Frozen Chicken Tenders,Frozen,Breaded chicken breast tenders,C2
108,Frozen Popcorn Chicken,Frozen,Bite-sized breaded chicken,C2
109,Frozen Buffalo Wings,Frozen,Spicy buffalo chicken wings,C2
110,Frozen Chicken Patties,Frozen,Breaded chicken sandwich patties,C2
111,Frozen Pizza Pepperoni,Frozen,Classic pepperoni frozen pizza,C3
112,Frozen Pizza Cheese,Frozen,Four cheese frozen pizza,C3
113,Frozen Pizza Supreme,Frozen,Loaded supreme pizza,C3
114,Frozen Pizza Margherita,Frozen,Traditional margherita pizza,C3
115,Frozen Pizza Meat Lovers,Frozen,Pizza with assorted meats,C3
116,Frozen Lasagna,Frozen,Family size meat lasagna,C4
117,Frozen Spaghetti Meatballs,Frozen,Spaghetti with meatballs meal,C4
118,Frozen Mac and Cheese,Frozen,Creamy macaroni and cheese,C4
119,Frozen Chicken Alfredo,Frozen,Fettuccine with chicken alfredo,C4
120,Frozen Stir Fry Vegetables,Frozen,Asian vegetable mix for stir fry,C4
121,Frozen Broccoli Florets,Frozen,Plain frozen broccoli 16oz,C5
122,Frozen Mixed Vegetables,Frozen,Peas carrots corn green beans mix,C5
123,Frozen Corn Kernels,Frozen,Sweet yellow corn,C5
124,Frozen Green Beans,Frozen,Cut green beans,C5
125,Frozen Peas,Frozen,Sweet green peas,C5
126,Frozen Spinach Chopped,Frozen,Chopped spinach block,C6
127,Frozen Brussels Sprouts,Frozen,Baby brussels sprouts,C6
128,Frozen Cauliflower Rice,Frozen,Low carb cauliflower rice,C6
129,Frozen Edamame,Frozen,Shelled edamame soybeans,C6
130,Frozen Asparagus,Frozen,Asparagus spears,C6
131,Frozen Strawberries,Frozen,Whole frozen strawberries for smoothies,C7
132,Frozen Blueberries,Frozen,Wild blueberries 16oz,C7
133,Frozen Raspberries,Frozen,Red raspberries,C7
134,Frozen Mango Chunks,Frozen,Tropical mango pieces,C7
135,Frozen Mixed Berries,Frozen,Berry blend for smoothies,C7
136,Frozen Waffles,Frozen,Homestyle frozen waffles 24ct,C8
137,Frozen Pancakes,Frozen,Buttermilk pancakes ready to heat,C8
138,Frozen French Toast,Frozen,Cinnamon French toast sticks,C8
139,Frozen Breakfast Burritos,Frozen,Sausage egg cheese burritos,C8
140,Frozen Breakfast Sandwiches,Frozen,English muffin breakfast sandwiches,C8
141,Ice Cream Vanilla,Frozen,Classic vanilla ice cream half gallon,C9
142,Ice Cream Chocolate,Frozen,Rich chocolate ice cream,C9
143,Ice Cream Strawberry,Frozen,Sweet strawberry ice cream,C9
144,Ice Cream Cookies Cream,Frozen,Cookies and cream ice cream,C9
145,Ice Cream Mint Chocolate,Frozen,Mint chocolate chip ice cream,C9
146,Ice Cream Cookie Dough,Frozen,Chocolate chip cookie dough ice cream,C10
147,Ice Cream Neapolitan,Frozen,Three flavor ice cream,C10
148,Ice Cream Rocky Road,Frozen,Chocolate marshmallow almond,C10
149,Ice Cream Butter Pecan,Frozen,Butter pecan ice cream,C10
150,Ice Cream Sandwiches,Frozen,Vanilla ice cream sandwiches 12ct,C10
151,Chicken Breasts,Meat,Fresh boneless skinless chicken breasts,D1
152,Chicken Thighs,Meat,Boneless skinless chicken thighs,D1
153,Whole Chicken,Meat,Fresh whole fryer chicken,D1
154,Chicken Drumsticks,Meat,Fresh chicken legs,D1
155,Chicken Wings,Meat,Fresh chicken wings party pack,D1
156,Ground Beef 80/20,Meat,Ground chuck 80% lean 20% fat,D2
157,Ground Beef 90/10,Meat,Lean ground beef 90% lean,D2
158,Ground Turkey,Meat,Lean ground turkey 93% lean,D2
159,Ground Chicken,Meat,Ground chicken breast,D2
160,Ground Pork,Meat,Fresh ground pork,D2
161,Beef Ribeye Steak,Meat,Premium ribeye steak USDA Choice,D3
162,Beef New York Strip,Meat,NY strip steak boneless,D3
163,Beef T-Bone Steak,Meat,T-bone steak with bone,D3
164,Beef Sirloin Steak,Meat,Top sirloin steak,D3
165,Beef Tenderloin,Meat,Beef tenderloin filet mignon,D3
166,Pork Chops Boneless,Meat,Center cut boneless pork chops,D4
167,Pork Chops Bone-In,Meat,Bone-in pork chops,D4
168,Pork Tenderloin,Meat,Lean pork tenderloin,D4
169,Pork Ribs Baby Back,Meat,Baby back pork ribs,D4
170,Pork Shoulder Roast,Meat,Pork shoulder for slow cooking,D4
171,Beef Roast Chuck,Meat,Chuck roast for pot roast,D5
172,Beef Brisket,Meat,Whole beef brisket,D5
173,Beef Short Ribs,Meat,Bone-in beef short ribs,D5
174,Lamb Chops,Meat,Premium lamb loin chops,D5
175,Lamb Leg,Meat,Boneless leg of lamb,D5
176,Bacon Regular,Meat,Hickory smoked bacon 16oz,D6
177,Bacon Thick Cut,Meat,Thick cut bacon strips,D6
178,Turkey Bacon,Meat,Lower fat turkey bacon,D6
179,Breakfast Sausage Links,Meat,Pork breakfast sausage links,D6
180,Breakfast Sausage Patties,Meat,Pork sausage patties,D6
181,Italian Sausage Mild,Meat,Fresh mild Italian sausage links,D7
182,Italian Sausage Hot,Meat,Spicy Italian sausage,D7
183,Bratwurst,Meat,Fresh bratwurst sausages,D7
184,Chorizo Sausage,Meat,Mexican chorizo sausage,D7
185,Polish Kielbasa,Meat,Smoked Polish sausage,D7
186,Hot Dogs Beef,Meat,All beef hot dogs 8ct,D8
187,Hot Dogs Regular,Meat,Classic hot dogs pack,D8
188,Hot Dogs Turkey,Meat,Turkey hot dogs lower fat,D8
189,Deli Ham Sliced,Meat,Honey ham deli sliced,D8
190,Deli Turkey Breast,Meat,Oven roasted turkey breast sliced,D8
191,Deli Roast Beef,Meat,Slow roasted beef deli meat,D9
192,Deli Salami,Meat,Italian salami sliced,D9
193,Deli Bologna,Meat,Classic beef bologna,D9
194,Deli Chicken Breast,Meat,Grilled chicken breast sliced,D9
195,Pepperoni Slices,Meat,Pizza pepperoni slices,D9
196,Fresh Salmon Fillets,Seafood,Atlantic salmon fillets,D10
197,Fresh Tilapia Fillets,Seafood,Mild white tilapia,D10
198,Fresh Cod Fillets,Seafood,Wild caught cod,D10
199,Fresh Shrimp Raw,Seafood,Large raw shrimp peeled deveined,D10
200,Fresh Crab Legs,Seafood,Snow crab legs,D10
201,White Bread Loaf,Bakery,Soft white sandwich bread,E1
202,Wheat Bread Loaf,Bakery,100% whole wheat bread,E1
203,Honey Wheat Bread,Bakery,Sweet honey wheat bread,E1
204,Sourdough Bread,Bakery,Artisan sourdough loaf,E1
205,French Bread,Bakery,Classic French baguette,E1
206,Italian Bread,Bakery,Crusty Italian bread loaf,E2
207,Ciabatta Bread,Bakery,Italian ciabatta loaf,E2
208,Rye Bread,Bakery,Deli style rye bread,E2
209,Pumpernickel Bread,Bakery,Dark pumpernickel bread,E2
210,Multigrain Bread,Bakery,7 grain bread loaf,E2
211,Dinner Rolls Pack,Bakery,Soft dinner rolls 12ct,E3
212,Hawaiian Sweet Rolls,Bakery,Sweet Hawaiian rolls 12ct,E3
213,Hamburger Buns,Bakery,Classic hamburger buns 8ct,E3
214,Hot Dog Buns,Bakery,Hot dog buns 8ct,E3
215,Sub Sandwich Rolls,Bakery,Hoagie rolls 6ct,E3
216,English Muffins,Bakery,English muffins 6ct,E4
217,Bagels Plain,Bakery,Plain bagels 6ct,E4
218,Bagels Everything,Bakery,Everything bagels with seeds,E4
219,Bagels Cinnamon Raisin,Bakery,Sweet cinnamon raisin bagels,E4
220,Pita Bread,Bakery,Pocket pita bread 6ct,E4
221,Tortillas Flour 10in,Bakery,Large flour tortillas 10ct,E5
222,Tortillas Flour 8in,Bakery,Fajita size flour tortillas,E5
223,Tortillas Corn,Bakery,White corn tortillas 30ct,E5
224,Tortillas Wheat,Bakery,Whole wheat tortillas,E5
225,Tortilla Chips Plain,Bakery,Restaurant style tortilla chips,E5
226,Croissants 6ct,Bakery,Butter croissants fresh baked,E6
227,Muffins Blueberry,Bakery,Fresh blueberry muffins 6ct,E6
228,Muffins Chocolate Chip,Bakery,Chocolate chip muffins 6ct,E6
229,Muffins Banana Nut,Bakery,Banana nut muffins fresh,E6
230,Danish Pastry,Bakery,Assorted fruit danish 4ct,E6
231,Donuts Glazed,Bakery,Fresh glazed donuts 6ct,E7
232,Donuts Chocolate,Bakery,Chocolate frosted donuts,E7
233,Donuts Jelly Filled,Bakery,Raspberry jelly donuts,E7
234,Donut Holes Mixed,Bakery,Assorted donut holes 20ct,E7
235,Cinnamon Twist,Bakery,Cinnamon sugar twists,E7
236,Cookies Chocolate Chip,Bakery,Fresh baked chocolate chip cookies,E8
237,Cookies Sugar,Bakery,Classic sugar cookies decorated,E8
238,Cookies Oatmeal Raisin,Bakery,Oatmeal raisin cookies,E8
239,Cookies Peanut Butter,Bakery,Peanut butter cookies,E8
240,Brownies,Bakery,Fudge brownies tray,E8
241,Chocolate Cake,Bakery,Double chocolate layer cake,E9
242,Vanilla Cake,Bakery,Vanilla cake with buttercream,E9
243,Carrot Cake,Bakery,Carrot cake with cream cheese frosting,E9
244,Cheesecake Plain,Bakery,New York style cheesecake,E9
245,Strawberry Cheesecake,Bakery,Cheesecake with strawberry topping,E9
246,Apple Pie,Bakery,Traditional apple pie,E10
247,Cherry Pie,Bakery,Sweet cherry pie,E10
248,Pumpkin Pie,Bakery,Spiced pumpkin pie,E10
249,Pecan Pie,Bakery,Southern pecan pie,E10
250,Lemon Meringue Pie,Bakery,Tart lemon pie with meringue,E10
251,Tomato Soup Canned,Canned Goods,Classic tomato soup 10.75oz,F1
252,Chicken Noodle Soup,Canned Goods,Chicken noodle soup condensed,F1
253,Cream of Mushroom Soup,Canned Goods,Cream of mushroom condensed,F1
254,Cream of Chicken Soup,Canned Goods,Cream of chicken soup,F1
255,Vegetable Soup,Canned Goods,Mixed vegetable soup,F1
256,Minestrone Soup,Canned Goods,Italian minestrone soup,F2
257,Clam Chowder,Canned Goods,New England clam chowder,F2
258,Beef Chili,Canned Goods,Beef chili with beans,F2
259,Turkey Chili,Canned Goods,Turkey chili lower fat,F2
260,White Chicken Chili,Canned Goods,White bean chicken chili,F2
261,Black Beans Canned,Canned Goods,Black beans 15oz can,F3
262,Kidney Beans Canned,Canned Goods,Red kidney beans,F3
263,Pinto Beans Canned,Canned Goods,Pinto beans,F3
264,Chickpeas Canned,Canned Goods,Garbanzo beans chickpeas,F3
265,Great Northern Beans,Canned Goods,White beans,F3
266,Refried Beans,Canned Goods,Traditional refried beans,F4
267,Baked Beans,Canned Goods,BBQ baked beans,F4
268,Green Beans Canned,Canned Goods,Cut green beans,F4
269,Corn Kernels Canned,Canned Goods,Whole kernel yellow corn,F4
270,Sweet Peas Canned,Canned Goods,Sweet peas,F4
271,Diced Tomatoes Canned,Canned Goods,Diced tomatoes 14.5oz,F5
272,Crushed Tomatoes,Canned Goods,Crushed tomatoes for sauce,F5
273,Tomato Paste,Canned Goods,Concentrated tomato paste 6oz,F5
274,Tomato Sauce,Canned Goods,Plain tomato sauce 8oz,F5
275,Stewed Tomatoes,Canned Goods,Stewed tomatoes with seasonings,F5
276,Tuna Canned in Water,Canned Goods,Chunk light tuna 5oz,F6
277,Tuna Canned in Oil,Canned Goods,Albacore tuna in oil,F6
278,Salmon Canned,Canned Goods,Pink salmon 14.75oz,F6
279,Sardines Canned,Canned Goods,Sardines in oil,F6
280,Anchovies,Canned Goods,Flat anchovies in oil,F6
281,Chicken Breast Canned,Canned Goods,Canned chicken breast 12.5oz,F7
282,Spam Classic,Canned Goods,Spam luncheon meat,F7
283,Vienna Sausages,Canned Goods,Vienna sausages in broth,F7
284,Corned Beef,Canned Goods,Canned corned beef,F7
285,Roast Beef Canned,Canned Goods,Roast beef in gravy,F7
286,Sliced Peaches,Canned Goods,Yellow peaches in syrup,F8
287,Pear Halves,Canned Goods,Pear halves in juice,F8
288,Fruit Cocktail,Canned Goods,Mixed fruit cocktail,F8
289,Mandarin Oranges,Canned Goods,Mandarin orange segments,F8
290,Pineapple Chunks,Canned Goods,Pineapple chunks in juice,F8
291,Apple Sauce,Canned Goods,Smooth applesauce cups,F9
292,Cranberry Sauce,Canned Goods,Whole berry cranberry sauce,F9
293,Cherry Pie Filling,Canned Goods,Cherry pie filling 21oz,F9
294,Apple Pie Filling,Canned Goods,Apple pie filling,F9
295,Pumpkin Puree,Canned Goods,Pure pumpkin for baking,F9
296,Coconut Milk,Canned Goods,Thai coconut milk 13.5oz,F10
297,Evaporated Milk,Canned Goods,Evaporated milk 12oz,F10
298,Sweetened Condensed Milk,Canned Goods,Sweetened condensed milk,F10
299,Chicken Broth,Canned Goods,Low sodium chicken broth 32oz,F10
300,Beef Broth,Canned Goods,Beef broth 32oz,F10
301,Spaghetti Pasta,Dry Goods,Classic spaghetti pasta 16oz,G1
302,Penne Pasta,Dry Goods,Penne rigate pasta,G1
303,Fettuccine Pasta,Dry Goods,Flat fettuccine noodles,G1
304,Linguine Pasta,Dry Goods,Linguine pasta,G1
305,Angel Hair Pasta,Dry Goods,Thin angel hair pasta,G1
306,Rotini Pasta,Dry Goods,Spiral rotini pasta,G2
307,Rigatoni Pasta,Dry Goods,Large tube rigatoni,G2
308,Bow Tie Pasta,Dry Goods,Farfalle bow tie pasta,G2
309,Elbow Macaroni,Dry Goods,Elbow macaroni for mac and cheese,G2
310,Shells Pasta,Dry Goods,Medium pasta shells,G2
311,Lasagna Noodles,Dry Goods,Lasagna pasta sheets,G3
312,Egg Noodles Wide,Dry Goods,Wide egg noodles,G3
313,Ramen Noodles,Dry Goods,Instant ramen noodle packs 6ct,G3
314,Rice Noodles,Dry Goods,Asian rice stick noodles,G3
315,Udon Noodles,Dry Goods,Japanese udon noodles,G3
316,White Rice Long Grain,Dry Goods,Long grain white rice 5lb,G4
317,Brown Rice Long Grain,Dry Goods,Whole grain brown rice,G4
318,Basmati Rice,Dry Goods,Aromatic basmati rice,G4
319,Jasmine Rice,Dry Goods,Fragrant jasmine rice,G4
320,Arborio Rice,Dry Goods,Italian risotto rice,G4
321,Instant Rice,Dry Goods,Quick cooking instant rice,G5
322,Spanish Rice Mix,Dry Goods,Seasoned Spanish rice,G5
323,Wild Rice Blend,Dry Goods,Wild and long grain rice mix,G5
324,Quinoa White,Dry Goods,Organic white quinoa,G5
325,Quinoa Tricolor,Dry Goods,Red white black quinoa blend,G5
326,Couscous,Dry Goods,Israeli pearl couscous,G6
327,Bulgur Wheat,Dry Goods,Cracked bulgur wheat,G6
328,Barley Pearl,Dry Goods,Pearl barley,G6
329,Farro,Dry Goods,Ancient grain farro,G6
330,Steel Cut Oats,Dry Goods,Irish steel cut oats,G6
331,Dried Lentils Green,Dry Goods,Green lentils 16oz bag,G7
332,Dried Lentils Red,Dry Goods,Red split lentils,G7
333,Dried Black Beans,Dry Goods,Dried black beans bag,G7
334,Dried Pinto Beans,Dry Goods,Dried pinto beans,G7
335,Dried Navy Beans,Dry Goods,Small white navy beans,G7
336,Flour All Purpose,Dry Goods,All purpose flour 5lb,G8
337,Bread Flour,Dry Goods,High protein bread flour,G8
338,Cake Flour,Dry Goods,Fine cake flour,G8
339,Whole Wheat Flour,Dry Goods,100% whole wheat flour,G8
340,Self Rising Flour,Dry Goods,Self rising flour with leavening,G8
341,Granulated Sugar,Dry Goods,White granulated sugar 4lb,G9
342,Brown Sugar Light,Dry Goods,Light brown sugar,G9
343,Brown Sugar Dark,Dry Goods,Dark brown sugar,G9
344,Powdered Sugar,Dry Goods,Confectioners powdered sugar,G9
345,Sugar Cubes,Dry Goods,White sugar cubes box,G9
346,Pancake Mix,Dry Goods,Complete pancake mix just add water,G10
347,Waffle Mix,Dry Goods,Belgian waffle mix,G10
348,Brownie Mix,Dry Goods,Fudge brownie mix box,G10
349,Cake Mix Chocolate,Dry Goods,Chocolate cake mix,G10
350,Cake Mix Vanilla,Dry Goods,Vanilla cake mix,G10
351,Potato Chips Classic,Snacks,Classic potato chips family size,H1
352,Potato Chips BBQ,Snacks,BBQ flavored chips,H1
353,Potato Chips Sour Cream,Snacks,Sour cream and onion chips,H1
354,Potato Chips Salt Vinegar,Snacks,Salt and vinegar chips,H1
355,Potato Chips Cheddar,Snacks,Cheddar cheese chips,H1
356,Tortilla Chips Restaurant,Snacks,Restaurant style tortilla chips large,H2
357,Tortilla Chips Lime,Snacks,Lime flavored tortilla chips,H2
358,Tortilla Chips Spicy,Snacks,Spicy hot tortilla chips,H2
359,Doritos Nacho Cheese,Snacks,Nacho cheese Doritos,H2
360,Doritos Cool Ranch,Snacks,Cool ranch Doritos,H2
361,Cheetos Crunchy,Snacks,Crunchy cheese puffs,H3
362,Cheetos Puffs,Snacks,Puffy cheese snacks,H3
363,Cheez-It Crackers,Snacks,Baked cheese crackers,H3
364,Goldfish Crackers,Snacks,Cheddar goldfish crackers,H3
365,Cheese Puffs,Snacks,Cheese flavored puffs,H3
366,Pretzels Traditional,Snacks,Classic twisted pretzels,H4
367,Pretzel Rods,Snacks,Long pretzel rods,H4
368,Pretzel Sticks,Snacks,Thin pretzel sticks,H4
369,Soft Pretzel Bites,Snacks,Frozen soft pretzel bites,H4
370,Pita Chips Sea Salt,Snacks,Baked pita chips,H4
371,Popcorn Microwave Butter,Snacks,Butter microwave popcorn 6ct,H5
372,Popcorn Kettle Corn,Snacks,Sweet and salty kettle corn,H5
373,Popcorn Movie Theater,Snacks,Movie theater butter popcorn,H5
374,Popcorn Kernels,Snacks,Unpopped popcorn kernels jar,H5
375,Rice Cakes Plain,Snacks,Lightly salted rice cakes,H5
376,Granola Bars Oats Honey,Snacks,Chewy oats and honey bars 10ct,H6
377,Granola Bars Chocolate Chip,Snacks,Chocolate chip granola bars,H6
378,Protein Bars Chocolate,Snacks,High protein chocolate bars,H6
379,Protein Bars Peanut Butter,Snacks,Peanut butter protein bars,H6
380,Energy Bars Mixed Berry,Snacks,Mixed berry energy bars,H6
381,Trail Mix Classic,Snacks,Classic trail mix with nuts and raisins,H7
382,Trail Mix Deluxe,Snacks,Deluxe trail mix with chocolate,H7
383,Mixed Nuts Salted,Snacks,Salted mixed nuts can,H7
384,Mixed Nuts Unsalted,Snacks,Unsalted mixed nuts,H7
385,Almonds Roasted,Snacks,Roasted salted almonds,H7
386,Cashews Roasted,Snacks,Roasted cashews,H8
387,Peanuts Dry Roasted,Snacks,Dry roasted peanuts jar,H8
388,Pistachios Roasted,Snacks,Roasted pistachios in shell,H8
389,Sunflower Seeds,Snacks,Roasted sunflower seeds,H8
390,Pumpkin Seeds,Snacks,Roasted pepitas,H8
391,Beef Jerky Original,Snacks,Original beef jerky,H9
392,Beef Jerky Teriyaki,Snacks,Teriyaki beef jerky,H9
393,Turkey Jerky,Snacks,Lower fat turkey jerky,H9
394,Slim Jim Sticks,Snacks,Slim Jim meat sticks 20ct,H9
395,String Cheese Snacks,Snacks,Mozzarella string cheese 24ct,H9
396,Crackers Saltine,Snacks,Original saltine crackers,H10
397,Crackers Ritz,Snacks,Buttery Ritz crackers,H10
398,Crackers Wheat Thins,Snacks,Whole grain wheat crackers,H10
399,Crackers Triscuit,Snacks,Woven wheat crackers,H10
400,Graham Crackers,Snacks,Honey graham crackers,H10
401,Soda Coca Cola 12pk,Beverages,Coca Cola cans 12oz 12 pack,I1
402,Soda Pepsi 12pk,Beverages,Pepsi cans 12 pack,I1
403,Soda Sprite 12pk,Beverages,Sprite lemon-lime soda,I1
404,Soda Mountain Dew 12pk,Beverages,Mountain Dew citrus soda,I1
405,Soda Dr Pepper 12pk,Beverages,Dr Pepper soda 12 pack,I1
406,Soda Diet Coke 12pk,Beverages,Diet Coca Cola 12 pack,I2
407,Soda Diet Pepsi 12pk,Beverages,Diet Pepsi 12 pack,I2
408,Soda Coke Zero 12pk,Beverages,Coke Zero Sugar 12 pack,I2
409,Soda Ginger Ale 12pk,Beverages,Ginger ale soda,I2
410,Soda Root Beer 12pk,Beverages,Classic root beer,I2
411,Bottled Water 24pk,Beverages,Purified drinking water 16.9oz bottles,I3
412,Sparkling Water Plain,Beverages,Carbonated water 12pk cans,I3
413,Sparkling Water Lime,Beverages,Lime flavored sparkling water,I3
414,Sparkling Water Lemon,Beverages,Lemon sparkling water,I3
415,Sparkling Water Berry,Beverages,Mixed berry sparkling water,I3
416,Energy Drink Red Bull,Beverages,Red Bull energy drink 4pk,I4
417,Energy Drink Monster,Beverages,Monster energy drink 4pk,I4
418,Energy Drink Rockstar,Beverages,Rockstar energy drink,I4
419,Gatorade Lemon Lime,Beverages,Lemon lime sports drink 8pk,I4
420,Gatorade Fruit Punch,Beverages,Fruit punch Gatorade,I4
421,Coffee Ground Regular,Beverages,Medium roast ground coffee 12oz,I5
422,Coffee Ground Dark Roast,Beverages,Dark roast ground coffee,I5
423,Coffee Ground Decaf,Beverages,Decaf ground coffee,I5
424,Coffee Instant,Beverages,Instant coffee crystals jar,I5
425,Coffee K-Cups Variety,Beverages,Single serve K-cup variety pack,I5
426,Tea Bags Black,Beverages,Black tea bags 100ct,I6
427,Tea Bags Green,Beverages,Green tea bags 100ct,I6
428,Tea Bags Herbal,Beverages,Herbal tea variety pack,I6
429,Tea Bags Earl Grey,Beverages,Earl Grey black tea,I6
430,Iced Tea Mix,Beverages,Sweet tea mix makes 2 quarts,I6
431,Hot Chocolate Mix,Beverages,Hot cocoa mix packets 10ct,I7
432,Chocolate Milk Powder,Beverages,Chocolate milk mix canister,I7
433,Strawberry Milk Mix,Beverages,Strawberry milk powder,I7
434,Protein Shake Powder,Beverages,Vanilla protein shake mix,I7
435,Coffee Creamer Powder,Beverages,Powdered coffee creamer,I7
436,Vegetable Juice V8,Beverages,Original V8 vegetable juice 6pk,I8
437,Tomato Juice,Beverages,100% tomato juice bottle,I8
438,Prune Juice,Beverages,Prune juice for digestion,I8
439,Grape Juice 100%,Beverages,Pure grape juice 64oz,I8
440,Apple Cider,Beverages,Fresh apple cider seasonal,I8
441,Coconut Water Plain,Beverages,Natural coconut water 12oz,I9
442,Aloe Vera Drink,Beverages,Aloe vera juice drink,I9
443,Kombucha Ginger,Beverages,Probiotic kombucha tea,I9
444,Electrolyte Water,Beverages,Enhanced electrolyte water,I9
445,Vitamin Water,Beverages,Flavored vitamin water,I9
446,Beer Bud Light 12pk,Beverages,Bud Light beer 12oz bottles,I10
447,Beer Coors Light 12pk,Beverages,Coors Light 12 pack,I10
448,Beer Corona 6pk,Beverages,Corona Extra 6 pack bottles,I10
449,Beer Heineken 6pk,Beverages,Heineken lager 6 pack,I10
450,Wine Red Cabernet,Beverages,Cabernet Sauvignon red wine,I10
451,Cereal Cheerios,Breakfast,Original Cheerios 18oz,J1
452,Cereal Honey Nut Cheerios,Breakfast,Honey nut flavored Cheerios,J1
453,Cereal Frosted Flakes,Breakfast,Sugar frosted corn flakes,J1
454,Cereal Fruit Loops,Breakfast,Colorful fruit flavored loops,J1
455,Cereal Lucky Charms,Breakfast,Marshmallow cereal,J1
456,Cereal Cinnamon Toast,Breakfast,Cinnamon sugar cereal squares,J2
457,Cereal Cocoa Puffs,Breakfast,Chocolate flavored puffs,J2
458,Cereal Rice Krispies,Breakfast,Crispy rice cereal,J2
459,Cereal Corn Flakes,Breakfast,Original corn flakes,J2
460,Cereal Raisin Bran,Breakfast,Bran flakes with raisins,J2
461,Cereal Shredded Wheat,Breakfast,Whole grain shredded wheat,J3
462,Cereal Special K,Breakfast,Special K original,J3
463,Cereal Chex Wheat,Breakfast,Wheat Chex cereal,J3
464,Cereal Chex Rice,Breakfast,Rice Chex gluten free,J3
465,Cereal Life Original,Breakfast,Multigrain Life cereal,J3
466,Oatmeal Instant Variety,Breakfast,Instant oatmeal packets variety 10ct,J4
467,Oatmeal Instant Plain,Breakfast,Plain instant oatmeal,J4
468,Oatmeal Quick Oats,Breakfast,Quick cooking oats canister,J4
469,Oatmeal Old Fashioned,Breakfast,Old fashioned rolled oats,J4
470,Cream of Wheat,Breakfast,Hot wheat cereal,J4
471,Pop Tarts Strawberry,Breakfast,Frosted strawberry Pop Tarts,J5
472,Pop Tarts Brown Sugar,Breakfast,Brown sugar cinnamon Pop Tarts,J5
473,Pop Tarts Blueberry,Breakfast,Frosted blueberry Pop Tarts,J5
474,Pop Tarts S'mores,Breakfast,S'mores flavored Pop Tarts,J5
475,Toaster Strudel,Breakfast,Frozen toaster strudel 6ct,J5
476,Syrup Maple Pure,Breakfast,100% pure maple syrup,J6
477,Syrup Pancake,Breakfast,Original pancake syrup 24oz,J6
478,Syrup Sugar Free,Breakfast,Sugar free pancake syrup,J6
479,Honey Squeeze Bottle,Breakfast,Pure honey squeeze bottle,J6
480,Agave Nectar,Breakfast,Organic agave sweetener,J6
481,Peanut Butter Creamy,Condiments,Creamy peanut butter 18oz,K1
482,Peanut Butter Crunchy,Condiments,Crunchy peanut butter,K1
483,Peanut Butter Natural,Condiments,Natural peanut butter no sugar,K1
484,Almond Butter,Condiments,Roasted almond butter,K1
485,Cashew Butter,Condiments,Cashew nut butter,K1
486,Jelly Strawberry,Condiments,Strawberry jelly 18oz,K2
487,Jelly Grape,Condiments,Concord grape jelly,K2
488,Jam Raspberry,Condiments,Raspberry preserves,K2
489,Jam Apricot,Condiments,Apricot jam,K2
490,Orange Marmalade,Condiments,Orange marmalade spread,K2
491,Ketchup Regular,Condiments,Tomato ketchup 32oz,K3
492,Ketchup Organic,Condiments,Organic ketchup,K3
493,Mustard Yellow,Condiments,Classic yellow mustard,K3
494,Mustard Dijon,Condiments,Dijon mustard,K3
495,Mustard Spicy Brown,Condiments,Spicy brown deli mustard,K3
496,Mayonnaise Regular,Condiments,Real mayonnaise 30oz,K4
497,Mayonnaise Light,Condiments,Light mayo reduced fat,K4
498,Miracle Whip,Condiments,Miracle Whip dressing,K4
499,Ranch Dressing,Condiments,Ranch salad dressing bottle,K4
500,Italian Dressing,Condiments,Italian vinaigrette dressing,K4
501,Caesar Dressing,Condiments,Creamy Caesar dressing,K5
502,Thousand Island,Condiments,Thousand Island dressing,K5
503,Blue Cheese Dressing,Condiments,Chunky blue cheese dressing,K5
504,Balsamic Vinaigrette,Condiments,Balsamic vinaigrette dressing,K5
505,Honey Mustard,Condiments,Sweet honey mustard sauce,K5
506,BBQ Sauce Original,Condiments,Classic BBQ sauce 18oz,K6
507,BBQ Sauce Honey,Condiments,Sweet honey BBQ sauce,K6
508,BBQ Sauce Spicy,Condiments,Spicy hot BBQ sauce,K6
509,Teriyaki Sauce,Condiments,Asian teriyaki marinade,K6
510,Soy Sauce Regular,Condiments,Traditional soy sauce bottle,K6
511,Soy Sauce Low Sodium,Condiments,Reduced sodium soy sauce,K7
512,Hot Sauce Tabasco,Condiments,Classic Tabasco hot sauce,K7
513,Hot Sauce Sriracha,Condiments,Thai sriracha chili sauce,K7
514,Hot Sauce Frank's,Condiments,Frank's RedHot sauce,K7
515,Worcestershire Sauce,Condiments,Lea & Perrins Worcestershire,K7
516,Steak Sauce A1,Condiments,A1 Original steak sauce,K8
517,Cocktail Sauce,Condiments,Seafood cocktail sauce,K8
518,Tartar Sauce,Condiments,Tartar sauce for fish,K8
519,Horseradish Sauce,Condiments,Prepared horseradish,K8
520,Relish Sweet Pickle,Condiments,Sweet pickle relish,K8
521,Pasta Sauce Marinara,Condiments,Classic marinara sauce jar,K9
522,Pasta Sauce Alfredo,Condiments,Creamy alfredo sauce,K9
523,Pasta Sauce Meat,Condiments,Meat flavored pasta sauce,K9
524,Pasta Sauce Vodka,Condiments,Vodka cream sauce,K9
525,Pesto Sauce Basil,Condiments,Fresh basil pesto,K9
526,Salsa Mild,Condiments,Mild chunky salsa jar,K10
527,Salsa Medium,Condiments,Medium heat salsa,K10
528,Salsa Hot,Condiments,Hot spicy salsa,K10
529,Salsa Verde,Condiments,Green tomatillo salsa,K10
530,Guacamole,Condiments,Ready-made guacamole,K10
531,Salt Iodized,Spices,Iodized table salt 26oz,L1
532,Salt Sea Salt,Spices,Fine sea salt grinder,L1
533,Salt Kosher,Spices,Kosher salt box,L1
534,Black Pepper Ground,Spices,Ground black pepper,L1
535,Black Peppercorns,Spices,Whole black peppercorns grinder,L1
536,Garlic Powder,Spices,Garlic powder 3oz,L2
537,Onion Powder,Spices,Onion powder,L2
538,Paprika,Spices,Sweet paprika,L2
539,Chili Powder,Spices,Chili powder blend,L2
540,Cayenne Pepper,Spices,Ground cayenne red pepper,L2
541,Cumin Ground,Spices,Ground cumin,L3
542,Coriander Ground,Spices,Ground coriander,L3
543,Turmeric Ground,Spices,Ground turmeric,L3
544,Ginger Ground,Spices,Ground ginger powder,L3
545,Cinnamon Ground,Spices,Ground cinnamon,L3
546,Nutmeg Ground,Spices,Ground nutmeg,L4
547,Cloves Ground,Spices,Ground cloves,L4
548,Allspice Ground,Spices,Ground allspice,L4
549,Oregano Dried,Spices,Dried oregano leaves,L4
550,Basil Dried,Spices,Dried sweet basil,L4
551,Thyme Dried,Spices,Dried thyme leaves,L5
552,Rosemary Dried,Spices,Dried rosemary,L5
553,Bay Leaves,Spices,Whole bay leaves,L5
554,Parsley Flakes,Spices,Dried parsley flakes,L5
555,Dill Weed Dried,Spices,Dried dill weed,L5
556,Italian Seasoning,Spices,Italian herb blend,L6
557,Taco Seasoning,Spices,Taco seasoning mix packets,L6
558,Ranch Seasoning,Spices,Ranch dip mix,L6
559,Fajita Seasoning,Spices,Fajita spice blend,L6
560,Cajun Seasoning,Spices,Cajun spice mix,L6
561,Vanilla Extract,Baking,Pure vanilla extract 2oz,L7
562,Almond Extract,Baking,Pure almond extract,L7
563,Baking Powder,Baking,Double acting baking powder,L7
564,Baking Soda,Baking,Pure baking soda box,L7
565,Yeast Active Dry,Baking,Active dry yeast packets,L7
566,Chocolate Chips Semi,Baking,Semi-sweet chocolate chips 12oz,L8
567,Chocolate Chips Milk,Baking,Milk chocolate chips,L8
568,Chocolate Chips White,Baking,White chocolate chips,L8
569,Cocoa Powder,Baking,Unsweetened cocoa powder,L8
570,Baking Chocolate,Baking,Unsweetened baking chocolate bars,L8
571,Corn Starch,Baking,Corn starch box,L9
572,Gelatin Unflavored,Baking,Unflavored gelatin packets,L9
573,Pudding Mix Vanilla,Baking,Instant vanilla pudding,L9
574,Pudding Mix Chocolate,Baking,Instant chocolate pudding,L9
575,Jello Strawberry,Baking,Strawberry gelatin dessert mix,L9
576,Food Coloring Set,Baking,Liquid food coloring 4-pack,L10
577,Sprinkles Rainbow,Baking,Rainbow sprinkles bottle,L10
578,Frosting Chocolate,Baking,Chocolate frosting tub,L10
579,Frosting Vanilla,Baking,Vanilla frosting ready to spread,L10
580,Pie Crust Ready Made,Baking,Refrigerated pie crust 2-pack,L10
581,Olive Oil Extra Virgin,Cooking Oils,Extra virgin olive oil 25oz,M1
582,Olive Oil Light,Cooking Oils,Light olive oil for cooking,M1
583,Vegetable Oil,Cooking Oils,Pure vegetable oil 48oz,M1
584,Canola Oil,Cooking Oils,Canola cooking oil,M1
585,Corn Oil,Cooking Oils,100% pure corn oil,M1
586,Coconut Oil,Cooking Oils,Virgin coconut oil jar,M2
587,Avocado Oil,Cooking Oils,Pure avocado oil,M2
588,Sesame Oil,Cooking Oils,Toasted sesame oil,M2
589,Peanut Oil,Cooking Oils,Peanut oil for frying,M2
590,Cooking Spray,Cooking Oils,Non-stick cooking spray,M2
591,Vinegar White,Cooking Oils,Distilled white vinegar gallon,M3
592,Vinegar Apple Cider,Cooking Oils,Apple cider vinegar,M3
593,Vinegar Balsamic,Cooking Oils,Balsamic vinegar bottle,M3
594,Vinegar Red Wine,Cooking Oils,Red wine vinegar,M3
595,Vinegar Rice,Cooking Oils,Seasoned rice vinegar,M3
596,Aluminum Foil,Kitchen Supplies,Heavy duty aluminum foil roll,M4
597,Plastic Wrap,Kitchen Supplies,Plastic food wrap roll,M4
598,Parchment Paper,Kitchen Supplies,Non-stick parchment paper,M4
599,Wax Paper,Kitchen Supplies,Wax paper roll,M4
600,Freezer Bags Gallon,Kitchen Supplies,Ziplock freezer bags gallon 20ct,M4
601,Freezer Bags Quart,Kitchen Supplies,Ziplock freezer bags quart,M5
602,Storage Bags Sandwich,Kitchen Supplies,Sandwich storage bags 50ct,M5
603,Storage Bags Snack,Kitchen Supplies,Snack size storage bags,M5
604,Trash Bags Kitchen,Kitchen Supplies,Kitchen trash bags 13gal 40ct,M5
605,Trash Bags Tall,Kitchen Supplies,Tall kitchen bags 30gal,M5
606,Paper Towels 6 Roll,Paper Products,Select-a-size paper towels 6pk,M6
607,Paper Towels 12 Roll,Paper Products,Paper towels mega roll 12pk,M6
608,Napkins Paper,Paper Products,White paper napkins 250ct,M6
609,Paper Plates 9 inch,Paper Products,Paper plates 50ct,M6
610,Paper Plates Heavy Duty,Paper Products,Heavy duty paper plates 30ct,M6
611,Plastic Cups 16oz,Paper Products,Clear plastic cups 50ct,M7
612,Plastic Forks,Paper Products,Plastic forks 48ct,M7
613,Plastic Spoons,Paper Products,Plastic spoons 48ct,M7
614,Plastic Knives,Paper Products,Plastic knives 48ct,M7
615,Styrofoam Cups,Paper Products,Foam cups 16oz 25ct,M7
616,Toilet Paper 12 Roll,Paper Products,Bath tissue 12 mega rolls,M8
617,Toilet Paper 24 Roll,Paper Products,Toilet paper 24 double rolls,M8
618,Facial Tissue Box,Paper Products,Facial tissues 160ct box,M8
619,Facial Tissue 3pk,Paper Products,Tissue boxes 3-pack,M8
620,Paper Towels Single,Paper Products,Single roll paper towels,M8
621,Laundry Detergent Liquid,Cleaning,Liquid laundry detergent 100oz,N1
622,Laundry Detergent Pods,Cleaning,Laundry detergent pods 42ct,N1
623,Laundry Detergent Powder,Cleaning,Powder laundry detergent,N1
624,Fabric Softener Liquid,Cleaning,Liquid fabric softener 64oz,N1
625,Dryer Sheets,Cleaning,Fabric softener dryer sheets 120ct,N1
626,Bleach Regular,Cleaning,Chlorine bleach gallon,N2
627,Bleach Color Safe,Cleaning,Non-chlorine bleach,N2
628,Stain Remover Spray,Cleaning,Laundry stain remover,N2
629,Stain Remover Stick,Cleaning,Stain remover stick,N2
630,Woolite Delicates,Cleaning,Woolite gentle detergent,N2
631,Dish Soap Liquid,Cleaning,Liquid dish soap 24oz,N3
632,Dish Soap Dawn,Cleaning,Dawn dish soap original,N3
633,Dish Soap Palmolive,Cleaning,Palmolive dish liquid,N3
634,Dishwasher Detergent,Cleaning,Automatic dishwasher detergent,N3
635,Dishwasher Pods,Cleaning,Dishwasher detergent pods 40ct,N3
636,All Purpose Cleaner,Cleaning,Multi-surface cleaner spray,N4
637,Glass Cleaner,Cleaning,Glass and window cleaner,N4
638,Disinfecting Wipes,Cleaning,Disinfecting wipes canister 75ct,N4
639,Disinfectant Spray,Cleaning,Disinfectant spray aerosol,N4
640,Antibacterial Spray,Cleaning,Antibacterial cleaner spray,N4
641,Floor Cleaner,Cleaning,Wood floor cleaner refill,N5
642,Tile Cleaner,Cleaning,Bathroom tile cleaner,N5
643,Toilet Bowl Cleaner,Cleaning,Toilet bowl cleaner liquid,N5
644,Toilet Bowl Tablets,Cleaning,Toilet bowl cleaning tablets,N5
645,Scrubbing Bubbles,Cleaning,Bathroom cleaner foam,N5
646,Furniture Polish,Cleaning,Wood furniture polish spray,N6
647,Dusting Spray,Cleaning,Dust and allergen spray,N6
648,Stainless Steel Cleaner,Cleaning,Stainless steel polish,N6
649,Oven Cleaner,Cleaning,Heavy duty oven cleaner,N6
650,Carpet Cleaner Solution,Cleaning,Carpet cleaning solution,N6
651,Sponges Multi-pack,Cleaning,Kitchen sponges 6-pack,N7
652,Scrub Brush,Cleaning,Heavy duty scrub brush,N7
653,Microfiber Cloths,Cleaning,Microfiber cleaning cloths 12pk,N7
654,Rubber Gloves,Cleaning,Dishwashing gloves medium,N7
655,Broom and Dustpan,Cleaning,Angle broom with dustpan,N7
656,Mop Refill Pads,Cleaning,Disposable mop refill pads,N8
657,Vacuum Bags,Cleaning,Universal vacuum cleaner bags,N8
658,Air Freshener Spray,Cleaning,Room air freshener spray,N8
659,Air Freshener Plug In,Cleaning,Electric air freshener refill,N8
660,Candle Vanilla Scented,Cleaning,Scented jar candle vanilla,N8
661,Shampoo Pantene,Personal Care,Pantene Pro-V shampoo 12oz,O1
662,Shampoo Head Shoulders,Personal Care,Head & Shoulders shampoo,O1
663,Shampoo Herbal Essences,Personal Care,Herbal Essences shampoo,O1
664,Shampoo 2-in-1,Personal Care,Shampoo and conditioner 2-in-1,O1
665,Shampoo Baby,Personal Care,Tear-free baby shampoo,O1
666,Conditioner Pantene,Personal Care,Pantene conditioner 12oz,O2
667,Conditioner Herbal,Personal Care,Herbal Essences conditioner,O2
668,Hair Spray Strong Hold,Personal Care,Maximum hold hair spray,O2
669,Hair Gel,Personal Care,Styling hair gel,O2
670,Hair Mousse,Personal Care,Volumizing hair mousse,O2
671,Body Wash Dove,Personal Care,Dove body wash 22oz,O3
672,Body Wash Irish Spring,Personal Care,Irish Spring body wash,O3
673,Body Wash Axe,Personal Care,Axe body wash for men,O3
674,Body Wash Olay,Personal Care,Olay body wash,O3
675,Bar Soap Dove,Personal Care,Dove beauty bar 6-pack,O3
676,Bar Soap Irish Spring,Personal Care,Irish Spring deodorant soap,O4
677,Bar Soap Ivory,Personal Care,Ivory pure soap bars,O4
678,Bar Soap Dial,Personal Care,Dial antibacterial soap,O4
679,Hand Soap Liquid,Personal Care,Liquid hand soap pump 8oz,O4
680,Hand Soap Foaming,Personal Care,Foaming hand soap,O4
681,Toothpaste Colgate,Personal Care,Colgate cavity protection 6oz,O5
682,Toothpaste Crest,Personal Care,Crest fluoride toothpaste,O5
683,Toothpaste Whitening,Personal Care,Whitening toothpaste,O5
684,Toothpaste Sensitive,Personal Care,Sensitive teeth toothpaste,O5
685,Toothbrush Soft,Personal Care,Soft bristle toothbrush,O5
686,Toothbrush Medium,Personal Care,Medium bristle toothbrush 2pk,O6
687,Toothbrush Electric Heads,Personal Care,Electric toothbrush refills,O6
688,Dental Floss,Personal Care,Mint flavored dental floss,O6
689,Mouthwash Listerine,Personal Care,Listerine mouthwash 1L,O6
690,Mouthwash Crest,Personal Care,Crest mouthwash alcohol free,O6
691,Deodorant Degree Men,Personal Care,Degree men's deodorant,O7
692,Deodorant Secret Women,Personal Care,Secret women's deodorant,O7
693,Deodorant Old Spice,Personal Care,Old Spice deodorant stick,O7
694,Deodorant Dove,Personal Care,Dove deodorant,O7
695,Antiperspirant Spray,Personal Care,Antiperspirant spray,O7
696,Razors Disposable Men,Personal Care,Disposable razors 10ct,O8
697,Razors Disposable Women,Personal Care,Women's disposable razors,O8
698,Razor Blades Cartridge,Personal Care,Replacement razor cartridges,O8
699,Shaving Cream,Personal Care,Shaving cream foam 11oz,O8
700,Shaving Gel,Personal Care,Shave gel sensitive skin,O8
701,Lotion Body Moisturizer,Personal Care,Body lotion pump 16oz,O9
702,Lotion Hand Cream,Personal Care,Hand and body lotion,O9
703,Lotion Aloe Vera,Personal Care,Aloe vera gel moisturizer,O9
704,Petroleum Jelly,Personal Care,Vaseline petroleum jelly,O9
705,Baby Oil,Personal Care,Baby oil 14oz,O9
706,Cotton Balls,Personal Care,Pure cotton balls 300ct,O10
707,Cotton Swabs,Personal Care,Cotton swabs 500ct,O10
708,Makeup Remover Wipes,Personal Care,Facial cleansing wipes,O10
709,Face Wash,Personal Care,Daily face wash 6oz,O10
710,Face Moisturizer,Personal Care,Daily facial moisturizer SPF,O10
711,Diapers Newborn,Baby Care,Disposable diapers newborn 32ct,P1
712,Diapers Size 1,Baby Care,Diapers size 1 44ct,P1
713,Diapers Size 2,Baby Care,Diapers size 2 40ct,P1
714,Diapers Size 3,Baby Care,Diapers size 3 36ct,P1
715,Diapers Size 4,Baby Care,Diapers size 4 32ct,P1
716,Diapers Size 5,Baby Care,Diapers size 5 27ct,P2
717,Diapers Size 6,Baby Care,Diapers size 6 23ct,P2
718,Pull-Ups Training,Baby Care,Training pants 2T-3T 25ct,P2
719,Baby Wipes Sensitive,Baby Care,Sensitive baby wipes 216ct,P2
720,Baby Wipes Scented,Baby Care,Fresh scent baby wipes,P2
721,Baby Formula Infant,Baby Care,Infant formula powder 12oz,P3
722,Baby Formula Toddler,Baby Care,Toddler formula drink,P3
723,Baby Food Bananas,Baby Care,Banana baby food puree 4oz,P3
724,Baby Food Sweet Potato,Baby Care,Sweet potato baby food,P3
725,Baby Food Mixed Fruit,Baby Care,Mixed fruit baby food,P3
726,Baby Cereal Rice,Baby Care,Rice cereal for baby 8oz,P4
727,Baby Cereal Oatmeal,Baby Care,Oatmeal baby cereal,P4
728,Baby Snacks Puffs,Baby Care,Baby puffs cereal snack,P4
729,Baby Teething Crackers,Baby Care,Teething biscuits,P4
730,Sippy Cup 2-pack,Baby Care,Spill-proof sippy cups,P4
731,Baby Bottles 3-pack,Baby Care,Baby bottles with nipples,P5
732,Bottle Nipples,Baby Care,Replacement bottle nipples,P5
733,Pacifiers 2-pack,Baby Care,Baby pacifiers 0-6 months,P5
734,Baby Lotion,Baby Care,Baby lotion gentle 15oz,P5
735,Baby Shampoo,Baby Care,Tear-free baby shampoo 20oz,P5
736,Baby Powder,Baby Care,Cornstarch baby powder,P6
737,Diaper Rash Cream,Baby Care,Diaper rash ointment,P6
738,Baby Wash,Baby Care,Baby body wash gentle,P6
739,Burp Cloths,Baby Care,Cloth burp cloths 4-pack,P6
740,Bibs 5-pack,Baby Care,Baby feeding bibs,P6
741,Dog Food Dry 15lb,Pet Supplies,Dry dog food chicken 15lb,Q1
742,Dog Food Dry 30lb,Pet Supplies,Large breed dry dog food 30lb,Q1
743,Dog Food Canned,Pet Supplies,Wet dog food variety 12-pack,Q1
744,Puppy Food,Pet Supplies,Puppy formula dry food,Q1
745,Senior Dog Food,Pet Supplies,Senior dog formula,Q1
746,Cat Food Dry 7lb,Pet Supplies,Dry cat food seafood 7lb,Q2
747,Cat Food Dry 14lb,Pet Supplies,Indoor cat formula 14lb,Q2
748,Cat Food Canned Pate,Pet Supplies,Cat food pate variety 12ct,Q2
749,Cat Food Canned Chunks,Pet Supplies,Cat food in gravy 12ct,Q2
750,Kitten Food,Pet Supplies,Kitten formula dry food,Q2
751,Cat Litter Clay 20lb,Pet Supplies,Clumping cat litter 20lb,Q3
752,Cat Litter Multi-Cat,Pet Supplies,Multi-cat litter 35lb,Q3
753,Cat Litter Scented,Pet Supplies,Fresh scent cat litter,Q3
754,Litter Box Liners,Pet Supplies,Disposable litter box liners,Q3
755,Cat Treats,Pet Supplies,Crunchy cat treats 6oz,Q3
756,Dog Treats Biscuits,Pet Supplies,Dog biscuits variety 3lb,Q4
757,Dog Treats Jerky,Pet Supplies,Chicken jerky dog treats,Q4
758,Dog Treats Dental,Pet Supplies,Dental chews for dogs,Q4
759,Rawhide Bones,Pet Supplies,Natural rawhide chews,Q4
760,Dog Chew Toys,Pet Supplies,Durable dog chew toy,Q4
761,Pet Shampoo,Pet Supplies,Pet shampoo 16oz,Q5
762,Pet Stain Remover,Pet Supplies,Pet stain and odor remover,Q5
763,Pet Waste Bags,Pet Supplies,Dog waste bags 200ct,Q5
764,Flea Tick Treatment,Pet Supplies,Flea and tick prevention,Q5
765,Pet Nail Clippers,Pet Supplies,Pet nail trimmer,Q5
766,Aspirin Pain Relief,Health,Aspirin tablets 100ct,R1
767,Ibuprofen 200mg,Health,Ibuprofen pain reliever 100ct,R1
768,Acetaminophen 500mg,Health,Acetaminophen tablets 100ct,R1
769,Naproxen Sodium,Health,Naproxen pain reliever,R1
770,Pain Relief Extra Strength,Health,Extra strength pain relief,R1
771,Cold and Flu Medicine,Health,Multi-symptom cold relief,R2
772,Cough Syrup,Health,Cough suppressant syrup,R2
773,Throat Lozenges,Health,Sore throat drops 30ct,R2
774,Cough Drops Menthol,Health,Menthol cough drops,R2
775,Decongestant Tablets,Health,Nasal decongestant,R2
776,Allergy Medicine 24hr,Health,24-hour allergy relief tablets,R3
777,Allergy Medicine Non-Drowsy,Health,Non-drowsy allergy pills,R3
778,Antihistamine,Health,Antihistamine tablets 100ct,R3
779,Nasal Spray Allergy,Health,Allergy relief nasal spray,R3
780,Eye Drops Allergy,Health,Allergy eye drops,R3
781,Antacid Tablets,Health,Antacid chewable tablets 100ct,R4
782,Heartburn Relief,Health,Acid reducer tablets,R4
783,Pepto Bismol,Health,Upset stomach relief liquid,R4
784,Gas Relief,Health,Anti-gas softgels,R4
785,Laxative Gentle,Health,Gentle overnight laxative,R4
786,Multivitamin Men,Health,Men's daily multivitamin 100ct,R5
787,Multivitamin Women,Health,Women's daily multivitamin,R5
788,Multivitamin Senior,Health,Senior formula multivitamin,R5
789,Children's Multivitamin,Health,Children's chewable vitamins,R5
790,Prenatal Vitamins,Health,Prenatal vitamin supplement,R5
791,Vitamin C 1000mg,Health,Vitamin C immune support,R6
792,Vitamin D3 2000IU,Health,Vitamin D3 softgels,R6
793,Calcium with Vitamin D,Health,Calcium supplement 600mg,R6
794,Vitamin B12,Health,B12 sublingual tablets,R6
795,Omega 3 Fish Oil,Health,Fish oil omega-3 softgels,R6
796,Probiotics Daily,Health,Daily probiotic capsules,R7
797,Fiber Supplement,Health,Fiber powder supplement,R7
798,Melatonin 5mg,Health,Melatonin sleep aid tablets,R7
799,Glucosamine Chondroitin,Health,Joint health supplement,R7
800,Biotin Hair Skin Nails,Health,Biotin supplement 5000mcg,R7
801,First Aid Bandages,Health,Adhesive bandages variety 100ct,R8
802,Gauze Pads Sterile,Health,Sterile gauze pads 2x2,R8
803,Medical Tape,Health,First aid adhesive tape,R8
804,Alcohol Prep Pads,Health,Alcohol wipes 100ct,R8
805,Hydrogen Peroxide,Health,Hydrogen peroxide 16oz,R8
806,Rubbing Alcohol,Health,Isopropyl alcohol 70% 16oz,R9
807,Antibiotic Ointment,Health,Triple antibiotic ointment,R9
808,Hydrocortisone Cream,Health,Anti-itch cream 1%,R9
809,Burn Relief Gel,Health,Burn relief aloe gel,R9
810,Thermometer Digital,Health,Digital oral thermometer,R9
811,Heating Pad Electric,Health,Electric heating pad,R10
812,Ice Pack Reusable,Health,Reusable ice pack,R10
813,Eye Drops Lubricating,Health,Artificial tears eye drops,R10
814,Saline Nasal Spray,Health,Nasal saline spray,R10
815,Epsom Salt,Health,Epsom salt 4lb bag,R10
816,Soda Water 12pk,Beverages,Club soda 12oz cans,I11
817,Tonic Water 6pk,Beverages,Tonic water bottles,I11
818,Lemonade Powder Mix,Beverages,Lemonade drink mix makes 2 quarts,I11
819,Fruit Punch Powder,Beverages,Fruit punch drink mix,I11
820,Iced Tea Lemon,Beverages,Lemon iced tea bottles 6pk,I11
821,Chocolate Syrup,Condiments,Chocolate syrup squeeze bottle,K11
822,Caramel Sauce,Condiments,Caramel dessert sauce,K11
823,Whipped Cream Spray,Condiments,Aerosol whipped cream,K11
824,Marshmallow Fluff,Condiments,Marshmallow creme spread,K11
825,Nutella,Condiments,Chocolate hazelnut spread,K11
826,Spaghetti Sauce Spicy,Condiments,Spicy red pepper pasta sauce,K12
827,Pizza Sauce,Condiments,Traditional pizza sauce,K12
828,Enchilada Sauce Red,Condiments,Red enchilada sauce,K12
829,Enchilada Sauce Green,Condiments,Green chile enchilada sauce,K12
830,Curry Sauce,Condiments,Indian curry simmer sauce,K12
831,Peanut Sauce Thai,Condiments,Thai peanut sauce,L11
832,Hoisin Sauce,Condiments,Chinese hoisin sauce,L11
833,Oyster Sauce,Condiments,Asian oyster sauce,L11
834,Fish Sauce,Condiments,Thai fish sauce,L11
835,Sweet Chili Sauce,Condiments,Thai sweet chili sauce,L11
836,Buffalo Sauce,Condiments,Buffalo wing sauce,L12
837,Chipotle Sauce,Condiments,Chipotle pepper sauce,L12
838,Garlic Aioli,Condiments,Roasted garlic aioli,L12
839,Hollandaise Sauce,Condiments,Hollandaise sauce packet,L12
840,Gravy Mix Brown,Condiments,Brown gravy mix packets,L12
841,Gravy Mix Turkey,Condiments,Turkey gravy mix,M9
842,Gravy Mix Chicken,Condiments,Chicken gravy mix,M9
843,Broth Vegetable,Canned Goods,Vegetable broth 32oz,F11
844,Broth Bone,Canned Goods,Beef bone broth,F11
845,Soup Broccoli Cheddar,Canned Goods,Broccoli cheddar soup,F11
846,Soup French Onion,Canned Goods,French onion soup,F11
847,Soup Split Pea,Canned Goods,Split pea with ham soup,F11
848,Soup Lentil,Canned Goods,Hearty lentil soup,F12
849,Soup Butternut Squash,Canned Goods,Butternut squash soup,F12
850,Ravioli Canned,Canned Goods,Beef ravioli in sauce 15oz,F12
851,Spaghetti O's,Canned Goods,Pasta in tomato sauce,F12
852,Mac Cheese Canned,Canned Goods,Macaroni and cheese 15oz,F12
853,Hummus Plain,Refrigerated,Classic hummus 10oz,B11
854,Hummus Roasted Red Pepper,Refrigerated,Red pepper hummus,B11
855,Hummus Garlic,Refrigerated,Roasted garlic hummus,B11
856,Tzatziki Sauce,Refrigerated,Greek yogurt cucumber sauce,B11
857,Queso Dip,Refrigerated,White queso cheese dip,B11
858,Spinach Artichoke Dip,Refrigerated,Spinach and artichoke dip,B12
859,French Onion Dip,Refrigerated,French onion sour cream dip,B12
860,Ranch Dip,Refrigerated,Ranch vegetable dip,B12
861,Salsa Fresh,Refrigerated,Fresh made salsa refrigerated,B12
862,Pico de Gallo,Refrigerated,Fresh pico de gallo,B12
863,Cottage Cheese 16oz,Dairy,Small curd cottage cheese,B13
864,Cottage Cheese Low Fat,Dairy,Low fat cottage cheese,B13
865,Ricotta Cheese,Dairy,Whole milk ricotta 15oz,B13
866,Mascarpone Cheese,Dairy,Italian mascarpone cheese,B13
867,Goat Cheese Log,Dairy,Soft goat cheese log,B13
868,Blue Cheese Crumbles,Dairy,Crumbled blue cheese,B14
869,Gorgonzola Cheese,Dairy,Italian gorgonzola cheese,B14
870,Brie Cheese Wedge,Dairy,Soft ripened brie,B14
871,Camembert Cheese,Dairy,French camembert wheel,B14
872,Havarti Cheese,Dairy,Creamy havarti slices,B14
873,Tofu Firm,Produce,Firm tofu 14oz,A11
874,Tofu Soft,Produce,Silken soft tofu,A11
875,Tempeh,Produce,Organic tempeh 8oz,A11
876,Seitan,Produce,Wheat gluten seitan,A11
877,Veggie Burgers,Frozen,Meatless veggie burgers,C11
878,Veggie Sausages,Frozen,Plant-based sausage links,C11
879,Veggie Chicken Nuggets,Frozen,Meatless chicken nuggets,C11
880,Beyond Meat Burger,Frozen,Beyond beef plant-based patties,C11
881,Impossible Burger,Frozen,Impossible beef patties,C11
882,Frozen Veggie Pizza,Frozen,Vegetarian pizza,C12
883,Frozen Bean Burrito,Frozen,Bean and cheese burritos 8ct,C12
884,Frozen Vegetable Potstickers,Frozen,Vegetable dumplings,C12
885,Frozen Spring Rolls,Frozen,Vegetable spring rolls,C12
886,Frozen Samosas,Frozen,Vegetable samosas,C12
887,Protein Powder Whey,Health,Whey protein powder chocolate 2lb,R11
888,Protein Powder Plant,Health,Plant-based protein vanilla,R11
889,Protein Bars Chocolate,Snacks,Chocolate protein bars 10ct,H11
890,Protein Bars Vanilla,Snacks,Vanilla protein bars,H11
891,Meal Replacement Shake,Health,Nutritional shake bottles 6pk,R11
892,Sports Drink Powder,Health,Electrolyte drink powder,R11
893,Pre-Workout Powder,Health,Pre-workout energy powder,R11
894,Creatine Powder,Health,Creatine monohydrate powder,R11
895,BCAAs,Health,Branched chain amino acids,R11
896,Collagen Powder,Health,Collagen peptides powder,R12
897,Greens Powder,Health,Super greens powder blend,R12
898,Protein Shake Ready,Beverages,Ready-to-drink protein shake 4pk,I12
899,Almond Milk Original,Dairy,Almond milk half gallon,B15
900,Almond Milk Vanilla,Dairy,Vanilla almond milk,B15
901,Almond Milk Unsweetened,Dairy,Unsweetened almond milk,B15
902,Soy Milk Original,Dairy,Original soy milk,B15
903,Oat Milk Original,Dairy,Oat milk half gallon,B15
904,Coconut Milk Beverage,Dairy,Coconut milk drink half gallon,B16
905,Cashew Milk,Dairy,Cashew milk beverage,B16
906,Lactose Free Milk,Dairy,Lactose free 2% milk,B16
907,Vegan Cheese Shreds,Dairy,Dairy-free cheese shreds,B16
908,Vegan Butter,Dairy,Plant-based butter spread,B16
909,Bread Gluten Free,Bakery,Gluten-free sandwich bread,E11
910,Bagels Gluten Free,Bakery,Gluten-free bagels 4ct,E11
911,Pasta Gluten Free,Dry Goods,Gluten-free pasta penne,G11
912,Crackers Gluten Free,Snacks,Gluten-free crackers,H12
913,Cookies Gluten Free,Bakery,Gluten-free chocolate chip cookies,E12
914,Flour Almond,Baking,Blanched almond flour,L13
915,Flour Coconut,Baking,Coconut flour,L13
916,Flour Rice,Baking,White rice flour,L13
917,Flour Chickpea,Baking,Garbanzo bean flour,L13
918,Chips Kettle Cooked,Snacks,Kettle cooked potato chips,H13
919,Chips Veggie,Snacks,Vegetable chips,H13
920,Chips Sweet Potato,Snacks,Sweet potato chips,H13
921,Seaweed Snacks,Snacks,Roasted seaweed sheets,H13
922,Edamame Snacks,Snacks,Dry roasted edamame,H13
923,Chickpea Snacks,Snacks,Roasted chickpeas,H14
924,Lentil Chips,Snacks,Lentil vegetable chips,H14
925,Quinoa Chips,Snacks,Quinoa tortilla chips,H14
926,Kale Chips,Snacks,Baked kale chips,H14
927,Apple Chips,Snacks,Dried apple chips,H14
928,Banana Chips,Snacks,Dried banana chips,H15
929,Mango Dried,Snacks,Dried mango slices,H15
930,Pineapple Dried,Snacks,Dried pineapple chunks,H15
931,Apricots Dried,Snacks,Dried Turkish apricots,H15
932,Dates Pitted,Snacks,Pitted medjool dates,H15
933,Figs Dried,Snacks,Dried mission figs,H16
934,Prunes Dried,Snacks,Pitted prunes,H16
935,Raisins,Snacks,Seedless raisins box,H16
936,Cranberries Dried,Snacks,Sweetened dried cranberries,H16
937,Blueberries Dried,Snacks,Dried blueberries,H16
938,Coconut Flakes,Baking,Sweetened coconut flakes,L14
939,Chia Seeds,Health,Organic chia seeds bag,R13
940,Flax Seeds Ground,Health,Ground flaxseed meal,R13
941,Hemp Hearts,Health,Shelled hemp seeds,R13
942,Sesame Seeds,Spices,Toasted sesame seeds,L15
943,Poppy Seeds,Spices,Poppy seeds baking,L15
944,Nutritional Yeast,Health,Nutritional yeast flakes,R13
945,Wheat Germ,Breakfast,Wheat germ toasted,J6
946,Protein Pancake Mix,Breakfast,High protein pancake mix,J7
947,Keto Bread,Bakery,Low carb keto bread,E13
948,Sugar Free Syrup,Breakfast,Sugar-free maple flavored syrup,J8
949,Sugar Free Candy,Snacks,Sugar-free hard candy,H17
950,Sugar Free Gum,Health,Sugar-free chewing gum,R14
951,Breath Mints,Health,Peppermint breath mints,R14
952,Lip Balm,Personal Care,Moisturizing lip balm,O11
953,Chapstick SPF,Personal Care,Lip balm with sunscreen,O11
954,Sunscreen SPF 30,Personal Care,Broad spectrum sunscreen lotion,O12
955,Sunscreen SPF 50,Personal Care,Sport sunscreen SPF 50,O12
956,Sunscreen Spray,Personal Care,Continuous spray sunscreen,O12
957,Aloe Vera Gel,Personal Care,After sun aloe vera gel,O12
958,Bug Spray,Health,Insect repellent spray,R15
959,Bug Spray Wipes,Health,Insect repellent wipes,R15
960,Batteries AA 8pk,Household,AA alkaline batteries 8-pack,S1
961,Batteries AAA 8pk,Household,AAA alkaline batteries,S1
962,Batteries C 4pk,Household,C batteries 4-pack,S1
963,Batteries D 4pk,Household,D batteries 4-pack,S1
964,Batteries 9V 2pk,Household,9-volt batteries 2-pack,S1
965,Light Bulbs 60W,Household,Incandescent bulbs 60W 4pk,S2
966,Light Bulbs LED 60W,Household,LED bulbs 60W equivalent 4pk,S2
967,Light Bulbs CFL,Household,CFL bulbs energy saving,S2
968,Extension Cord,Household,Indoor extension cord 6ft,S2
969,Power Strip,Household,6-outlet power strip,S2
970,Duct Tape,Household,All-purpose duct tape,S3
971,Masking Tape,Household,Painter's masking tape,S3
972,Packing Tape,Household,Clear packing tape,S3
973,Scotch Tape,Household,Transparent tape dispenser,S3
974,Super Glue,Household,Instant super glue,S3
975,Wood Glue,Household,Carpenter's wood glue,S4
976,Gorilla Glue,Household,Heavy duty adhesive,S4
977,Zip Ties,Household,Cable zip ties 100pk,S4
978,Velcro Strips,Household,Adhesive-back hook and loop,S4
979,Command Strips,Household,Damage-free hanging strips,S4
980,Mouse Traps,Household,Snap mouse traps 4pk,S5
981,Rat Poison,Household,Rodent bait stations,S5
982,Ant Traps,Household,Ant killer bait traps,S5
983,Roach Killer,Household,Roach spray,S5
984,Bug Spray Indoor,Household,Indoor insect killer,S5
985,Matches,Household,Strike anywhere matches,S6
986,Lighter Multi-purpose,Household,Long reach utility lighter,S6
987,Birthday Candles,Household,Colorful birthday candles 24ct,S6
988,Tea Light Candles,Household,Unscented tea light candles 50ct,S6
989,Jar Candle Fresh,Household,Fresh linen scented jar candle,S6
990,Fire Starter Logs,Household,Firestarter logs 6pk,S7
991,Charcoal Briquettes,Household,Charcoal briquettes 15lb,S7
992,Lighter Fluid,Household,Charcoal lighter fluid,S7
993,Propane Tank Small,Household,Propane cylinder 1lb,S7
994,Cooler Ice Packs,Household,Reusable ice packs 4pk,S7
995,Umbrella Compact,Household,Compact folding umbrella,S8
996,Rain Poncho,Household,Emergency rain poncho,S8
997,Hand Warmers,Household,Disposable hand warmers 10pk,S8
998,Ice Melt Salt,Household,Ice melt pellets 10lb,S8
999,Snow Shovel,Household,Snow shovel with grip,S8
1000,Gift Cards,Miscellaneous,Store gift card various amounts,S9